field,signal,value,delay,datatype
current,Vehicle.Speed,56.0,0.009629011154174805,FLOAT
current,Vehicle.Cabin.Infotainment.HMI.SpeedUnit,KILOMETERS_PER_HOUR,0.0006690025329589844,STRING
current,Vehicle.Cabin.Infotainment.Media.Played.Album,DI_SPEED_KPH,0.0006799697875976562,STRING
current,Vehicle.Cabin.Infotainment.Media.Volume,1,0.0005750656127929688,UINT8
current,Vehicle.Powertrain.ElectricMotor.Power,7,0.017206907272338867,INT16
current,Vehicle.Powertrain.Transmission.CurrentGear,1,0.07367801666259766,INT8
current,Vehicle.Powertrain.Transmission.IsParkLockEngaged,False,0.0010449886322021484,BOOLEAN
current,Vehicle.Speed,56.0,0.011193990707397461,FLOAT
current,Vehicle.Cabin.Infotainment.HMI.SpeedUnit,KILOMETERS_PER_HOUR,0.0008168220520019531,STRING
current,Vehicle.Cabin.Infotainment.Media.Played.Album,DI_SPEED_KPH,0.0008513927459716797,STRING
current,Vehicle.Cabin.Infotainment.Media.Volume,1,0.0007727146148681641,UINT8
current,Vehicle.Powertrain.ElectricMotor.Power,9,0.020541906356811523,INT16
current,Vehicle.Powertrain.Transmission.CurrentGear,1,0.07111501693725586,INT8
current,Vehicle.Powertrain.Transmission.IsParkLockEngaged,False,0.0005681514739990234,BOOLEAN
current,Vehicle.Speed,56.0,0.025274038314819336,FLOAT
current,Vehicle.Cabin.Infotainment.HMI.SpeedUnit,KILOMETERS_PER_HOUR,0.0006301403045654297,STRING
current,Vehicle.Cabin.Infotainment.Media.Played.Album,DI_SPEED_KPH,0.0005428791046142578,STRING
current,Vehicle.Cabin.Infotainment.Media.Volume,1,0.0004429817199707031,UINT8
current,Vehicle.Powertrain.ElectricMotor.Power,12,0.008561134338378906,INT16
current,Vehicle.Powertrain.Transmission.CurrentGear,1,0.07294178009033203,INT8
current,Vehicle.Powertrain.Transmission.IsParkLockEngaged,False,0.0010349750518798828,BOOLEAN
current,Vehicle.Powertrain.ElectricMotor.Power,15,0.029497146606445312,INT16
current,Vehicle.Speed,57.0,0.000885009765625,FLOAT
current,Vehicle.Cabin.Infotainment.HMI.SpeedUnit,KILOMETERS_PER_HOUR,0.0009629726409912109,STRING
current,Vehicle.Cabin.Infotainment.Media.Played.Album,DI_SPEED_KPH,0.0007538795471191406,STRING
current,Vehicle.Cabin.Infotainment.Media.Volume,1,0.0005619525909423828,UINT8
current,Vehicle.Powertrain.Transmission.CurrentGear,1,0.0676872730255127,INT8
current,Vehicle.Powertrain.Transmission.IsParkLockEngaged,False,0.0010559558868408203,BOOLEAN
current,Vehicle.Powertrain.ElectricMotor.Power,28,0.02908802032470703,INT16
current,Vehicle.Speed,57.0,0.02066779136657715,FLOAT
current,Vehicle.Cabin.Infotainment.HMI.SpeedUnit,KILOMETERS_PER_HOUR,0.0007450580596923828,STRING
current,Vehicle.Cabin.Infotainment.Media.Played.Album,DI_SPEED_KPH,0.0010690689086914062,STRING
current,Vehicle.Cabin.Infotainment.Media.Volume,1,0.0008358955383300781,UINT8
current,Vehicle.Powertrain.Transmission.CurrentGear,1,0.05426907539367676,INT8
current,Vehicle.Powertrain.Transmission.IsParkLockEngaged,False,0.0003650188446044922,BOOLEAN
current,Vehicle.Powertrain.ElectricMotor.Power,22,0.029822111129760742,INT16
current,Vehicle.Speed,58.0,0.030582904815673828,FLOAT
current,Vehicle.Cabin.Infotainment.HMI.SpeedUnit,KILOMETERS_PER_HOUR,0.0004680156707763672,STRING
current,Vehicle.Cabin.Infotainment.Media.Played.Album,DI_SPEED_KPH,0.00046706199645996094,STRING
current,Vehicle.Cabin.Infotainment.Media.Volume,1,0.00047206878662109375,UINT8
current,Vehicle.Powertrain.Transmission.CurrentGear,1,0.038667917251586914,INT8
current,Vehicle.Powertrain.Transmission.IsParkLockEngaged,False,0.00040984153747558594,BOOLEAN
current,Vehicle.Powertrain.ElectricMotor.Power,21,0.03942513465881348,INT16
current,Vehicle.Speed,58.0,0.02065300941467285,FLOAT
current,Vehicle.Cabin.Infotainment.HMI.SpeedUnit,KILOMETERS_PER_HOUR,0.0006768703460693359,STRING
current,Vehicle.Cabin.Infotainment.Media.Played.Album,DI_SPEED_KPH,0.0002980232238769531,STRING
current,Vehicle.Cabin.Infotainment.Media.Volume,1,0.0007460117340087891,UINT8
current,Vehicle.Powertrain.Transmission.CurrentGear,1,0.04799199104309082,INT8
current,Vehicle.Powertrain.Transmission.IsParkLockEngaged,False,0.0009379386901855469,BOOLEAN
current,Vehicle.Powertrain.ElectricMotor.Power,21,0.037795066833496094,INT16
current,Vehicle.Speed,58.0,0.013957023620605469,FLOAT
current,Vehicle.Cabin.Infotainment.HMI.SpeedUnit,KILOMETERS_PER_HOUR,0.0003528594970703125,STRING
current,Vehicle.Cabin.Infotainment.Media.Played.Album,DI_SPEED_KPH,0.00041604042053222656,STRING
current,Vehicle.Cabin.Infotainment.Media.Volume,1,0.0005421638488769531,UINT8
current,Vehicle.Powertrain.Transmission.CurrentGear,1,0.05041790008544922,INT8
current,Vehicle.Powertrain.Transmission.IsParkLockEngaged,False,0.0005571842193603516,BOOLEAN
current,Vehicle.Powertrain.ElectricMotor.Power,21,0.03489875793457031,INT16
current,Vehicle.Speed,59.0,0.014639139175415039,FLOAT
current,Vehicle.Cabin.Infotainment.HMI.SpeedUnit,KILOMETERS_PER_HOUR,0.0008039474487304688,STRING
current,Vehicle.Cabin.Infotainment.Media.Played.Album,DI_SPEED_KPH,0.0006268024444580078,STRING
current,Vehicle.Cabin.Infotainment.Media.Volume,1,0.0004973411560058594,UINT8
current,Vehicle.Powertrain.Transmission.CurrentGear,1,0.052179813385009766,INT8
current,Vehicle.Powertrain.Transmission.IsParkLockEngaged,False,0.0006558895111083984,BOOLEAN
current,Vehicle.Powertrain.ElectricMotor.Power,21,0.03953409194946289,INT16
current,Vehicle.Speed,59.0,0.021513938903808594,FLOAT
current,Vehicle.Cabin.Infotainment.HMI.SpeedUnit,KILOMETERS_PER_HOUR,0.0009541511535644531,STRING
current,Vehicle.Cabin.Infotainment.Media.Played.Album,DI_SPEED_KPH,0.0005850791931152344,STRING
current,Vehicle.Cabin.Infotainment.Media.Volume,1,0.0004978179931640625,UINT8
current,Vehicle.Powertrain.Transmission.CurrentGear,1,0.03842616081237793,INT8
current,Vehicle.Powertrain.Transmission.IsParkLockEngaged,False,0.0012390613555908203,BOOLEAN
current,Vehicle.Powertrain.ElectricMotor.Power,21,0.038948774337768555,INT16
current,Vehicle.Speed,60.0,0.019460201263427734,FLOAT
current,Vehicle.Cabin.Infotainment.HMI.SpeedUnit,KILOMETERS_PER_HOUR,0.0005466938018798828,STRING
current,Vehicle.Cabin.Infotainment.Media.Played.Album,DI_SPEED_KPH,0.00046825408935546875,STRING
current,Vehicle.Cabin.Infotainment.Media.Volume,1,0.0005059242248535156,UINT8
current,Vehicle.Powertrain.Transmission.CurrentGear,1,0.038365840911865234,INT8
current,Vehicle.Powertrain.Transmission.IsParkLockEngaged,False,0.0006372928619384766,BOOLEAN
current,Vehicle.Powertrain.ElectricMotor.Power,21,0.04773306846618652,INT16
current,Vehicle.Speed,60.0,0.01257777214050293,FLOAT
current,Vehicle.Cabin.Infotainment.HMI.SpeedUnit,KILOMETERS_PER_HOUR,0.0003681182861328125,STRING
current,Vehicle.Cabin.Infotainment.Media.Played.Album,DI_SPEED_KPH,0.0004227161407470703,STRING
current,Vehicle.Cabin.Infotainment.Media.Volume,1,0.00044226646423339844,UINT8
current,Vehicle.Powertrain.Transmission.CurrentGear,1,0.038465023040771484,INT8
current,Vehicle.Powertrain.Transmission.IsParkLockEngaged,False,0.0006799697875976562,BOOLEAN
current,Vehicle.Powertrain.ElectricMotor.Power,20,0.05823993682861328,INT16
current,Vehicle.Speed,60.0,0.020987987518310547,FLOAT
current,Vehicle.Cabin.Infotainment.HMI.SpeedUnit,KILOMETERS_PER_HOUR,0.00044798851013183594,STRING
current,Vehicle.Cabin.Infotainment.Media.Played.Album,DI_SPEED_KPH,0.0005648136138916016,STRING
current,Vehicle.Cabin.Infotainment.Media.Volume,1,0.0005424022674560547,UINT8
current,Vehicle.Powertrain.Transmission.CurrentGear,1,0.02655792236328125,INT8
current,Vehicle.Powertrain.Transmission.IsParkLockEngaged,False,0.0004258155822753906,BOOLEAN
current,Vehicle.Powertrain.ElectricMotor.Power,19,0.050457000732421875,INT16
current,Vehicle.Speed,61.0,0.041059017181396484,FLOAT
current,Vehicle.Cabin.Infotainment.HMI.SpeedUnit,KILOMETERS_PER_HOUR,0.0004069805145263672,STRING
current,Vehicle.Cabin.Infotainment.Media.Played.Album,DI_SPEED_KPH,0.0005199909210205078,STRING
current,Vehicle.Cabin.Infotainment.Media.Volume,1,0.0007359981536865234,UINT8
current,Vehicle.Powertrain.Transmission.CurrentGear,1,0.006680011749267578,INT8
current,Vehicle.Powertrain.Transmission.IsParkLockEngaged,False,0.000782012939453125,BOOLEAN
current,Vehicle.Powertrain.ElectricMotor.Power,16,0.05055999755859375,INT16
current,Vehicle.Powertrain.Transmission.CurrentGear,1,0.050324201583862305,INT8
